a,冠,一つの、一人の,a book / a girl
able,形,・・・することができる,be able to speak English
about,前|副,・・・について（の）、・・・に関して、・・・に関する、およそ、約～,talk about music / about 40 students
above,前,・・・の上に（の） ※接触せずにより高い位置にあることを言う。,above your head
abroad,副,外国に（へ、で）、海外に（へ、で）,study abroad
accept,動,・・・を受け入れる、・・・を受け取る、・・・を承諾する,accept a present
accident,名,事故、災難、故障,have an accident
across,前,・・・を横切って、・・・を渡って,walk across the street
act,動,行動する、ふるまう,act quickly
action,名,行動、行為,a plan of action
active,形,活動的な,an active woman
activity,名,活動,a club activity
actor,名,俳優、男優（男女を問わず用いるが、男優をさす場合が多い）,a kabuki actor
actress,名,女優,a good actress
actually,副,本当に、実際には,She didn't actually say that.
add,動,・・・を加える,add some water
addition,名,追加,in addition （加えて）
address,名,住所,my address
adult,名,大人、成人,become an adult
advantage,名,利点、長所,have a big advantage
adventure,名,冒険,read the story about her adventure
advice,名,忠告、アドバイス,give advice to her
afraid,形,(be afraid of )恐れている,Some people are afraid of dark places.
Africa,名,アフリカ,go to Africa
after,前|接,・・・のあとに（で）、・・・してから|・・・したあとで,after dinner|after I ate dinner
afternoon,名,午後,in the afternoon
again,副,もう一度,see him again
against,前,・・・に反対して、・・・に反して、・・・に対して,against his advice
age,名,年齢、年,different ages
ago,副,（今から）・・・前に,five years ago
agree,動,賛成する,agree with her
air,名,空気,fresh air
airport,名,空港,arrive at the airport
all,形|代|副,すべての|・・・のすべて、全員、全部|まったく、すっかり,all the students|All of the students…|That's all right.
allow,動,（～に）・・・するのを許す（許可する）,allow him to study abroad
almost,副,ほとんど,almost all of them
alone,副,ただ１人で,go home alone
along,前,・・・に沿って,walk along the street
already,副,すでに、もう,have already cleaned the room
also,副,・・・もまた,Tom and also Jim
although,接,・・・だけれども、・・・にもかかわらず,Although it is raining, ...
always,副,いつも、常に,She always drinks tea in the morning.
am,動,（beの一人称・単数・現在形）,"Are you happy?" "Yes, I am."
a.m.,副,午前,at 9 a.m.
amazing,形,びっくりするような、信じられないほどの,have an amazing experience
America,名,アメリカ（合衆国）,go to America
American,名|形,アメリカ人（の）、アメリカ（合衆国）の,She is an American. / American people
among,前,（３人・３つ以上）の間に,among the trees
an,冠,一つの、一人の※母音で始まる単語の前で用いる。,an egg / an active boy
and,接,・・・と（や）～、そして,study Japanese and English
angry,形,怒って、腹をたてて,I am angry with him.
animal,名,動物,small animals
another,形,もう一つ（一人）の,have another chance
answer,動|名,・・・に答える|名,answer a question|write an answer to him
any,形,（疑問文で）いくつか、（否定文で）何も（・・・ない）、（肯定文で）どんな・・・でも,don't have any pens / I listen to any kind of music.
anyone,代,（肯定文で）誰でも、（否定文で）誰も、（疑問文で）誰か,Is anyone going to answer?
anything,代,（否定文で）何も・・・ない、（疑問文で）何か,I didn't say anything.
anywhere,副,（否定的文脈で）どこに（へ）も・・・ない、（肯定文で）どこででも、どこへでも,I'm not going anywhere today.
appear,動,現れる,appear on the stage
apple,名,りんご,eat an apple
April,名,４月,in April
are,動,（beの二人称・単数（複数）・現在形、及びそれ以外の人称の複数現在形）,We are happy.
area,名,地域、（特定の活動をする）場所,in this area
arm,名,腕,my left arm
around,前,・・・のまわりに,sit around a table
arrive,動,到着する、着く,arrive at the station
art,名,美術、芸術,a museum of art
artist,名,芸術家,a famous artist
as,副|接|前,（比較）・・・と同じくらい||・・・として,He is as tall as I.||as a leader
Asia,名,アジア（大陸）,in Asia
ask,動,①（～に）・・・をたずねる、②（～に）・・・するように頼む（to・・・） ①,ask his name ②ask him to help me
astronaut,名,宇宙飛行士,want to be an astronaut
at,前,①（場所、位置）・・・に（で）、・・・のところに②（時刻）・・・に,①meet them at the station ②at nine o'clock
attention,名,注意、関心,pay attention to…
August,名,８月,in August
aunt,名,おば,see my aunt
Australia,名,オーストラリア（大陸）,go to Australia
Australian,形,オーストラリア（人）の,Australian friend
autumn,名,秋,in autumn
away,副,（移動、方向）離れて,go away from here
baby,名,赤ちゃん,a happy baby
back,副|名,後ろへ、戻って、帰って|背中,come back here|the back of a book
bad,形,悪い《活用》worse-worst,a bad boy
bag,名,かばん,a black bag
ball,名,ボール,play with a ball
banana,名,バナナ,eat a banana
barrier,名,障壁・障害,a language barrier
baseball,名,野球,play baseball
basketball,名,バスケットボール,play basketball
bath,名,入浴、浴室・風呂場,take a bath
be,動,～である、いる、ある《活用》was,were-been,Be quiet.
beach,名,砂浜・浜辺・海岸,go to the beach
bean,名,豆,coffee beans
bear,名,熊,a brown bear
beautiful,形,美しい,a beautiful picture
beauty,名,美しさ・美,beauty of the sea
because,接,（理由や原因を説明して）・・・だから、なぜならば・・・,because it is sunny
become,動,・・・になる《活用》became-become,become a teacher
bed,名,ベッド,get out of bed
before,前|接,・・・の前に、・・・よりも前に、・・・前に|・・・する前に,before the exam|before you arrive at the station
begin,動,・・・を始める、・・・をし始める（to・・・、・・・ing)、始まる《活用》began-begun,begin to walk
behind,前,・・・の後ろに（で）,behind the trees
believe,動,・・・を信じる、信じている,believe him
below,副,下に（へ、を）、下記に,See the questions below.
beside,前,・・・のそばに（の）,beside the door
between,前,・・・の間に（で、を、の）,between A and B
big,形,大きい,live in a big city
bike,名,自転車,go by bike
bird,名,鳥,find a beautiful bird
birthday,名,誕生日,Today is his birthday.
black,名|形,黒（の）・黒色（の）、黒い,find a black box
blank,名,空白・余白・空所,fill in the blanks
blossom,名,花,cherry blossoms
blow,動,（風が）吹く、・・・を吹き動かす《活用》blew-blown,The wind is blowing.
blue,名|形,青（の）・青色（の）、青い,the blue sky
boat,名,ボート・船,go by boat
body,名,からだ,a human body
bomb,名,爆弾,a time bomb
book,名,本,an English book
bookstore,名,書店,go to a bookstore
bored,形,退屈した,I am bored.
boring,形,（人を）うんざり（退屈）させる、退屈な,a boring story
born,動,生まれる（be born） ※動詞bearの過去分詞形,A baby was born.
borrow,動,・・・を借りる,borrow a pencil
both,形|代|副,両方の|両方|両方とも,both ways|Both are OK.|both A and B
bottle,名,びん・ボトル,a red bottle
box,名,箱,open a box
boy,名,少年,a tall boy
bread,名,パン,eat bread
break,動,・・・を壊す、壊れる《活用》broke-broken,break the window
breakfast,名,朝食,have breakfast
bridge,名,橋,a big bridge
bright,形,輝いている・光っている、明るい,the bright sun
bring,動,・・・を持ってくる、もたらす《活用》brought-brought,bring some flowers
British,形,英国の,British people
brother,名,兄弟、兄、弟,I have two brothers.
brown,名|形,茶色（の）,have a brown bag
build,動,・・・を建てる・建築（建設、建造）する《活用》built-built,build a house
building,名,建物・建築物・建造物・ビルディング,a new building
burn,動,燃える、焼ける、・・・を燃やす、焼く,The fire is burning.
bus,名,バス,take a bus
business,名,職業・仕事・商売・事業,start a business
busy,形,忙しい、にぎやかな,I am busy with my homework.
but,接,しかし、だが、けれども,...but I don't want to go there.
buy,動,・・・を買う《活用》bought-bought,buy a new dictionary
by,前,・・・のそばに（で、の）、・・・によって、・・・までに（は）,by the window
cafeteria,名,カフェテリア、食堂,at the school cafeteria
cake,名,ケーキ,have tea and cakes
call,動,①・・・に電話をかける②・・・を（～と）呼ぶ,①call my friend ②Please call me Masa.
camera,名,カメラ,my father's camera
Canada,名,カナダ,live in Canada
cap,名,（縁なしの）帽子、（びんなどの）キャップ,wear a cap
car,名,自動車、車,get in a car
card,名,カード、はがき,receive a card
care,名,世話、注意、用心,take care of sick people
careful,形,注意深い、用心深い,Be careful.
carefully,副,注意深く、用心深く,listen to her carefully
carry,動,・・・を運ぶ,carry a bag
case,名,①場合②箱①,in my case ②in the book case
cat,名,ねこ,have a cat
catch,動,・・・を捕まえる《活用》caught-caught,catch a bird
cause,動,・・・の原因となる、・・・を引き起こす,cause the accident
CD,名,ＣＤ（コンパクトディスク）,buy a CD
celebrate,動,・・・を祝う,celebrate her birthday
cellphone,名,携帯電話,use a cellphone
centimeter,名,センチメートル,five centimeters
century,名,１世紀、100年,in the 20th century
chair,名,いす,sit on a chair
chance,名,好機、チャンス,have a chance to go to China
change,動|名,・・・を変える、・・・を取りかえる、（服を）着がえる|変化,change trains|a big change in Japanese history
character,名,①登場人物②個性、性格,①a main character in the movie ②have a good character
cheap,形,安い、安価な,a cheap computer
cheerful,形,明るい、元気のある,a cheerful boy
cherry,名,①桜②サクランボ,①cherry blossom ②eat a cherry
chicken,名,鶏肉,eat chicken on Christmas Eve
child,名,子ども《複数》children,I lived in France when I was a child.
China,名,中国,live in China
Chinese,名|形,中国語（の）、中国人（の）、中国の,speak Chinese
chocolate,名,チョコレート,a box of chocolate
choice,名,選択、選ぶこと,a very difficult choice
choose,動,・・・を選ぶ《活用》chose-chosen,choose the correct answer
Christmas,名,クリスマス,a present for Christmas
church,名,教会,an old church
city,名,市、都市、都会,I live in a big city.
class,名,授業、学級、(クラスの）みなさん,a history class
classmate,名,同級生、クラスメート,classmates in high school
classroom,名,教室,in a classroom
clean,動|形,・・・をそうじする|きれいな、清潔な,clean our classroom|a clean room
clear,形,晴れた、はっきりした,a clear day
clearly,副,明らかに、はっきりと,speak clearly
clerk,名,係員、店員,a convenience store clerk
clever,形,かしこい、頭がよい,a clever child
climb,動,・・・を登る,climb Mt. Fuji
clock,名,時計（置時計や壁時計など）,a clock on the wall
close,動|形,・・・を閉じる、閉める|近い（to ・・・）,close the book|close to the station
clothes,名,衣服、着物,put on my clothes
cloud,名,雲,white clouds in the sky
cloudy,形,くもりの,It is cloudy today.
club,名,クラブ、部,a soccer club
coach,名,①コーチ②長距離バス、大型馬車、客車,①a soccer coach ②go by coach
coat,名,コート、上着,take off my coat
coffee,名,コーヒー,make coffee
cold,形|名,寒い、冷たい|かぜ,The wind is very cold.|have a cold
collect,動,・・・を集める、収集する,collect postcards
collection,名,集めること、収集,have a great CD collection
college,名,大学,go to college
color,名,色,the color of the sky
colorful,形,色鮮やかな、派手な,find a colorful bird
come,動,来る《活用》came-come,come home
comic,名|形,（comicsで）マンガ、マンガの,read comics
communicate,動,（意思や気持ちなどを）伝え合う,communicate with him
communication,名,伝達、コミュニケーション,communication between people
company,名,会社,work for a company
compare,動,・・・を比べる,compare the two dictionaries
complain,動,不平を言う,complain about high prices
complete,動,・・・を完成させる,complete the difficult job
computer,名,コンピュータ,use a computer
concert,名,コンサート,go to a piano concert
conclusion,名,結論,This is my conclusion.
condition,名,状態、条件,in good condition
confused,形,混乱した、とまどった,I was very confused.
connect,動,・・・を結び付ける,This road connects Tokyo and Kyoto.
content,名,内容,the content of her speech
contest,名,試合、競技、コンテスト,a speech contest
continue,動,続く、・・・を続ける、・・・をし続ける（to・・・、・・・ing）,continue to study
convenience,名,便利,a convenience store
convenient,形,便利な、都合のよい,a convenient time to meet
conversation,名,会話、おしゃべり,have a conversation
cook,動,・・・を料理する、料理をする,cook dinner
cool,形,涼しい、かっこいい,a cool day
corner,名,角、コーナー,at the corner of a street
correct,形,正しい,choose the correct answer
cost,動,（金額が）かかる《活用》cost-cost,cost 1000 yen
costume,名,服装、衣装,Japanese costume
count,動,・・・を数える,count the money
country,名,国、いなか,live in this country
courage,名,勇気,have the courage to…
course,名,進路、方向,change the course
cover,動,・・・をおおう,The mountain is covered with snow.
crane,名,鶴,a crane flying in the sky
crowded,形,こんでいる,The train is crowded with many people.
cry,動,泣く,A baby is crying.
culture,名,文化,Japanese culture
cup,名,カップ、カップ１杯分,a cup of coffee
curry,名,カレー,make chicken curry
custom,名,習慣,an old custom
cut,動,・・・を切る《活用》cut-cut,cut the cake
cute,形,かわいい,a cute doll
dance,名,踊り、ダンス,a traditional Japanese dance
dance,動,踊る,dance on the stage
dancer,名,ダンサー、踊る人,a famous dancer
danger,名,危険、危険性,There is a danger of…
dangerous,形,危険な,a dangerous place
dark,形,暗い,in a dark room
date,名,月日、日付,What date is it today?
daughter,名,娘,our daughter
day,名,１日、日,every day
dead,形,（人・動物が）死んだ、死んでいる,She is not dead.
dear,形,親愛なる・・・,Dear Tom
death,名,死,after the death of his father
December,名,１２月,in December
decide,動,・・・することを決める、・・・しようと決心する,decide to do it
deep,形,①（水、池などが）深い②深さが・・・の,①This lake is deep. ②This lake is 30 meters deep.
delicious,形,（食べ物などが）実においしい,the most delicious food in the world
department store,名,百貨店,enjoy shopping in the department store
depend,動,(depend on・・・）・・・しだいである,depend on you
desk,名,机,on a desk
destroy,動,・・・を破壊する・壊す,destroy the building
diary,名,日記,write a diary
dictionary,名,辞書,buy a new dictionary
die,動,死ぬ,My bird died.
difference,名,違い、相違点,the difference between A and B
different,形,異なる、違う,a different culture
difficult,形,難しい、困難な,a difficult question
difficulty,名,むずかしさ、困難、苦労,find many difficulties
dinner,名,ディナー、（通例）夕食,after dinner
disagree,動,反対する,disagree with him
disappear,動,見えなくなる、（視界から）消える,disappear into the dark room
disaster,名,災害、惨事,a natural disaster
discover,動,・・・を発見する・見つける,discover new land
dish,名,皿、料理,my favorite dish
distance,名,距離,a short distance
do,動,・・・をする《活用》did-done,do my homework
doctor,名,医者,see the doctor
dog,名,犬,have a dog
doll,名,人形,play with dolls
dollar,名,ドル,five dollars
door,名,ドア,open a door
down,副,下へ、低い方へ,look down into the box
drama,名,ドラマ、劇、演劇,an exciting drama
draw,動,（絵や地図など）を描く、（線や円など）を引く《活用》drew-drawn,draw a picture
dream,名,（睡眠中の）夢、（将来の）夢、望み,My dream is to…
dress,名,ドレス、衣服,a nice summer dress
drink,動,・・・を飲む、酒を飲む《活用》drank-drunk,drink coffee
drink,名,飲み物,a cold drink
drive,動,・・・を運転する、・・・を車で送る、車を運転する《活用》drove-driven,drive a car
driver,名,運転手、ドライバー,a taxi driver
drop,動,・・・を落とす,drop a pencil
dry,形,乾いた,in the dry season
during,前,（特定の期間）の間じゅう、・・・の間をとおして,during the vacation
DVD,名,DVD,watch the DVD
each,形,それぞれの・めいめいの,each student
each,代,それぞれ・めいめい,each of the students
ear,名,耳,Dogs have good ears.
early,副,早く,get up early
early,形,早い,early lunch
earn,動,・・・を得る・かせぐ,earn money
earth,名,地球,live on the earth
earthquake,名,地震,a big earthquake
easily,副,簡単に・容易に,make friends easily
east,名,東,from the east
eastern,形,東の、東からの,the eastern half
easy,形,簡単な・容易な,an easy question
eat,動,・・・を食べる《活用》ate-eaten,eat lunch
effort,名,努力,make an effort
egg,名,卵,a big egg
eight,名|形,８（の）,eight students
eighteen,名|形,１８（の）,eighteen students
eighteenth,名|形,１８番め（の）,in the eighteenth century
eighth,名|形,８番め（の）,in the eighth century
eighty,名|形,８０（の）,eighty years old
either,副,（否定文のあとで）・・・もまた～でない,I didn't have any money and she didn't either.
electricity,名,電気、電力,cannot live without electricity
elephant,名,象,see a big elephant
eleven,名|形,１１（の）,eleven players
eleventh,名|形,１１番め(の) ,in the eleventh century
else,副,そのほかに（の）,someone else
e-mail (email),名,電子メール,send an e-mail
empty,形,からの、空いている,find an empty box
encourage,動,・・・を勇気づける、励ます,encourage students
end,名|動,終わり、端|終わる、済む、・・・を終える、終わらせる,at the end of the year|This class ends at eleven.
energy,名,エネルギー,the energy of the sun
engineer,名,技術者、技師、工学者,become an engineer
England,名,英国、イギリス,go to England
English,名|形,イングランド（英国・イギリス）人（の）、英語（の）、英国の,speak English
enjoy,動,・・・を楽しむ、・・・して楽しむ,enjoy walking
enough,形,十分な、必要なだけの,enough food
enter,動,入る、・・・に入る,enter the room
entertainment,名,娯楽、気晴らし,good entertainment
entrance,名,入口、玄関,the back entrance
environment,名,環境,the natural environment
equal,形,等しい、平等な,All men are equal.
eraser,名,消しゴム、消すもの,a black eraser
especially,副,特に,This question is especially important.
Europe,名,ヨーロッパ,go to Europe
even,副,・・・（で）さえ、・・・すら,even a child
evening,名,夕方、晩,in the evening
event,名,出来事、行事、催し物、イベント,sports events
ever,副,かつて、これまでに,Have you ever been to…?
every,形,すべての、どの・・・も、毎・・・,every week
everybody,代,みんな、すべての人,everybody in the room
everyone,代,みんな、すべての人,Good night, everyone.
everything,代,すべてのこと（もの）,Thank you for everything.
everywhere,副,いたるところで（を）、どこにも、どこへも,everywhere in Japan
exact,形,正確な、的確な、ぴったりの,the exact answer
exam,名,試験,passed the exam
example,名,例,for example
excellent,形,非常に優れた、優秀な,an excellent idea
exchange,動,・・・を交換する、両替する,exchange ideas
excited,形,興奮した,I was very excited.
exciting,形,興奮させるような、わくわくさせるような,an exciting game
excuse,動,・・・を許す,Excuse me, but…
expensive,形,高価な、値段が高い、費用のかかる、ぜいたくな,buy an expensive camera
experience,名,経験,have a good experience
explain,動,・・・を説明する,explain the meaning of the word
express,動,・・・を表現する・表す、示す、述べる,express an idea
expression,名,表現、表情,a good expression
eye,名,目,Close your eyes.
face,名,顔、面,Look at his face.
fact,名,事実,know the real fact about …
factory,名,工場,a car factory
fall,名,秋,in the fall
fall,動,落ちる《活用》fell-fallen,fall down
family,名,家族,in my family
famous,形,有名な,a famous actor
fan,名,ファン、熱烈な支持者,a basketball fan
far,形|副,遠い、遠くに《活用》farther/further-farthest/furthest,go far
farm,名,農場,a small farm
farmer,名,農民、農業従事者,a fruit farmer
fast,形,速い,a fast runner
fast,副,速く,run fast
father,名,父、父親,my father
favorite,形,お気に入りの、大好きな,my favorite subject
February,名,２月,in February
feel,動,・・・と感じる《活用》felt-felt,feel sick
feeling,名,感情、感覚,a good feeling
festival,名,祭り,have a music festival
few,形,（a fewで）少しの、いくつかの,a few days later
field,名,原っぱ、（競技場の）フィールド,a rice field
fifteen,名|形,１５（の）,She is fifteen years old.
fifteenth,名|形,１５番め（の）,on October 15(fifteenth)
fifth,名|形,５番め（の）,on September 5(fifth)
fifty,名|形,５０（の）,fifty minutes later
fight,動,戦う《活用》fought-fought,fight with(against)…
fill,動,・・・を満たす、埋める,fill the cup with water
final,形,最後の,the final day of a year
finally,副,とうとう、ついに,finally arrived at the station
find,動,・・・を見つける、気づく、わかる《活用》found-found,find a good book
fine,形,元気な、晴れた,I'm fine.
finger,名,指（手の親指はthumb、足の指はtoe）,point a finger at the picture
finish,動,終わる、・・・を終える,The concert finished. / finish my homework
fire,名,火、火事,use fire
first,名|形,１番め（の）、最初（の）,for the first time
first,副,まず第一に、最初に、初めて,We have to do the job first.
fish,名|動,さかな《複数》fish|つりをする,catch five fish|go fishing
five,名|形,５（の）,for five minutes
flight,名,飛行、（飛行機の）便、フライト,take a flight to London
floor,名,ゆか、階,on the third floor
florist,名,花屋,He is a florist.
flower,名,花,grow flowers in the garden
fluently,副,りゅうちょうに,speak English fluently
fly,動,飛ぶ《活用》flew-flown,fly from London to New York
follow,動,…のあとについて行く、従う,follow him
following,形,次の、あとに続く,Answer the following questions.
food,名,食べ物,delicious food
foot,名,足（足首から下） 《複数》feet,on foot （歩いて）
football,名,サッカー（soccer）、アメリカンフットボール,play football
for,前,①・・・のために②・・・に向かって③・・・にとって④～の間,①for you ②a train for Umeda ③good for your health ④for two days
foreign,形,外国の,a foreign language
forest,名,森,in the forest
forever,副,永遠に,remember her forever
forget,動,・・・を忘れる、置き忘れる《活用》forgot-forgotten,forget my umbrella
forty,名|形,４０（の）,forty years ago
forward,副,前方へ,move the car forward
four,名|形,４（の）,four years ago
fourteen,名|形,１４（の）,My brother is fourteen years old.
fourteenth,名|形,１４番め（の）,in the fourteenth century
fourth,名|形,４番め（の）,on the fourth floor
France,名,フランス,a trip to France
free,形,自由な、ひまな、ただの,I'll be free tomorrow.
freedom,名,自由,fight for freedom
French,名|形,フランス人（の）、フランス語(の）、フランスの,speak French
fresh,形,新鮮な,fresh vegetables
Friday,名,金曜日,on Friday
friend,名,友だち,make friends with her
friendly,形,人なつっこい、親切な,She is friendly to me.
friendship,名,友情、親交,an old friendship
from,前,…から、…出身の,He traveled from Japan to China. / I'm from Osaka.
front,名,前部、前面、前方,the front of a car / in front of ～
fruit,名,くだもの,fresh fruit
full,形,いっぱいの、満ちた,The restaurant is full.
fun,名,楽しみ、おもしろいもの,have a lot of fun
funny,形,おかしな、おもしろい,a funny story
future,名,将来、未来,in the future
game,名,試合、ゲーム,watch a baseball game
garden,名,庭、庭園,flowers in the garden
gate,名,門、通用門、扉,open the gate
gather,動,・・・を集める、（人々・物が）集まる,gather a lot of information
gentleman,名,紳士《複数》gentlemen,ladies and gentlemen
German,名|形,ドイツ人（の）、ドイツ語（の）、ドイツの,speak German
Germany,名,ドイツ,go to Germany
gesture,名,（指示や感情を示す）身ぶり,language and gesture
get,動,①・・・を得る②（・・・の状態に）なる③・・・に着く《活用》got-got/gotten,①get a CD ② get sick ③get to the station
gift,名,贈り物,a gift from my friend
girl,名,少女,a Japanese girl
give,動,（～に）・・・を与える《活用》gave-given,give him a present
glad,形,うれしい、（・・・して）うれしい（to・・・）,I'm glad to see you.
global,形,世界的な、地球全体の,global warming
go,動,行く《活用》went-gone,go to the park
goal,名,目標、（サッカーなどの）ゴール,my goal in life
good,形,良い、すぐれた、高品質な、おいしい《活用》better-best,a good restaurant
government,名,政府,the Japanese government
grade,名,学年、成績,in the second grade
graduate,動,卒業する（from・・・）,graduate from junior high school
grandfather,名,祖父、おじいさん,my grandfather
grandmother,名,祖母、おばあさん,his grandmother
grandparent,名,祖父母,visit my grandparents
great,形,偉大な、大きな、すばらしい,a great doctor
green,名|形,緑（の）、緑色（の）,green vegetables
greet,動,（人）にあいさつする、・・・を出迎える,greet her
greeting,名,あいさつ（の言葉）,a greeting to him
ground,名,地面,sit on the ground
group,名,集団、グループ,a group of four people
grow,動,（人、動物などが）成長する、育つ、（植物など）を栽培する、育てる《活用》grew-grown,grow up / grow fruit
guess,動,・・・（ということ）を推測する,guess the answer
guide,動,・・・を案内する、導く,guide him into the building
guide,名,案内人、ガイド,a mountain guide
guitar,名,ギター,play the guitar
gym,名,体育館、ジム,a school gym
hair,名,毛・髪の毛,have long hair
half,名|形,半分（の）,half an hour
hall,名,ホール、玄関、集会所、大広間,in the hall
hand,名,手,the right hand
happen,動,起こる,The accident happened.
happiness,名,幸福・幸せ、うれしさ,a feeling of happiness
happy,形,幸せな、うれしい,a happy family
hard,副|形,いっしょうけんめいに、熱心に|難しい、苦しい、固い,study hard|a hard question for me
hat,名,（縁のある）帽子,wear a black hat
hate,動,・・・をひどく嫌う、憎む,He hates vegetables.
have,動,・・・を持っている、・・・を食べる、・・・を飼っている《活用》had-had,have a dog
he,代,彼は、彼が,He is playing soccer.
head,名,頭,her head
headache,名,頭痛,have a headache
health,名,健康,your health
hear,動,・・・を聞く、・・・が聞こえる《活用》heard-heard,hear a noise
heart,名,心臓、心,my heart
heavy,形,重い、（雨などが）強い,The bag is very heavy.
help,動,・・・を助ける、・・・を手伝う,help my mother
help,名,助け,I need your help.
helpful,形,助けになる、役立つ、有用な,helpful ideas
her,代,彼女の、彼女を（に）,her bag
here,副,ここに、ここで,wait for you here
hers,代,彼女のもの,It is hers.
high,形,①高い②高さが・・・ある,①a high mountain ②The wall is three meters high.
him,代,彼を（に）,I met him.
his,代,彼の、彼のもの,It is his.
history,名,歴史,Japanese history
hit,動,・・・を打つ、たたく《活用》hit-hit,hit a ball
hobby,名,趣味,my hobby
hold,動,・・・を持っている、開催する、開く《活用》held-held,hold a party
holiday,名,休日,a national holiday
home,副,家に,go home
home,名,家、家庭,at home
homework,名,宿題,have a lot of homework
hope,名|動,希望、望み、望む、願う,have hopes / I hope that …
hospital,名,病院,in the hospital
host family,名,ホストファミリー,go to the movie with my host family
hot,形,暑い、熱い,drink a cup of hot tea
hotel,名,ホテル,arrive at a hotel
hour,名,時間,for two hours
house,名,家,live in a big house
how,疑|副,どのようにして、(How about … ?)…はどうですか？、どれくらい,How do you know the news? / How many[much] …?
however,副,しかしながら～,...however…
huge,形,巨大な,a huge mountain
human,形,人間の,a human body
hundred,名|形,１００（の）,three hundred pages
hungry,形,空腹の、飢えた,I'm really hungry.
hurry,動,急ぐ,Hurry up!
hurt,動,痛む、・・・を傷つける、けがをさせる《活用》hurt-hurt,Some people were hurt in the accident.
husband,名,夫,my husband
I,代,私は、私が,I have a good idea.
ice,名,氷,a piece of ice
idea,名,考え、アイディア,I don't have any idea.
if,接,もし…ならば,if he is sick
ill,形,病気の、気分が悪い,feel ill
illness,名,病気,suffer from an illness
image,名,像、印象、イメージ,What's your image of the company?
imagine,動,想像する,Can you imagine that?
importance,名,重要性、大切なこと[もの],the importance of…
important,形,大切な,an important book
impossible,形,不可能な,It is impossible to…
improve,動,・・・を改善する、進歩する、よくなる,want to improve my English
in,前,①（場所・位置）…の中に［で］ ②（時）…に③（手段）…で④（所要時間）・・・間で,①in the street ②in March ③in pencil ④in two days
influence,名,影響、影響力,have an influence on children
information,名,情報,collect information
injure,動,けがをさせる、・・・を傷つける,Some people were injured in the accident.
injury,名,けが・負傷,a serious injury
inside,前,…の中に（で）,inside the house
interested,形,興味がある、興味をもっている、関心がある,I'm interested in science.
interesting,形,おもしろい、興味深い,an interesting story
international,形,国際的な,an international flight
Internet,名,インターネット,on the Internet
interview,名|動,インタビュー、面接|（～に）インタビューする、面接する,have an interview for a job|interview the famous actress
into,前,…の中へ[中に向かって],throw a stone into the river
introduce,動,・・・を紹介する,introduce a friend to my father
invent,動,・・・を発明する,invent a radio
invite,動,・・・を招待する,invite my friends to the party
is,動,（beの三人称・単数・現在形）,He is in the house.
island,名,島,live on an island
it,代,（前に出てきたものをさして）それは［が］、それを、（時間、曜日、天候などを表す）,It is fine today.
its,代,それの,The dog hurt its leg.
jacket,名,上着、ジャケット,a man wearing a jacket
January,名,１月,in January
Japan,名,日本,in Japan
Japanese,名|形,日本人（の）、日本語（の）、日本の,study Japanese art
job,名,仕事,get a job as a teacher
join,動,（組織・会社）の一員になる、・・・に参加する,join a soccer club
joke,名,冗談、ジョーク,tell a joke
joy,名,喜び,feel great joy
judge,動,・・・を判断する,judge people by…
juice,名,ジュース,apple juice
July,名,７月,in July
jump,動,跳ぶ、はねる,jump into the river
June,名,６月,in June
junior high school,名,中学校,How can I get to your junior high school?
just,副,ちょうど、単に、ちょっと,just now
keep,動,ずっと・・・のままである、・・・し続ける、・・・を保つ、～を・・・に保つ《活用》kept-kept,keep dancing / keep the room clean
key,名,鍵、手がかり、秘けつ,forget my key
kick,動,・・・を蹴る,kick a ball
kill,動,・・・を殺す,Many people were killed in the war.
kilogram,名,キログラム,two kilograms
kilometer,名,キロメートル,two kilometers
kind,名,種類,a kind of…
kind,形,親切な,a kind man
king,名,王,become king
kitchen,名,台所,in the kitchen
knife,名,ナイフ,cut an apple with a knife
know,動,・・・を知っている、・・・が分かる《活用》knew-known,know the boy well / know that...
Korea,名,韓国・朝鮮,visit Korea
Korean,名|形,韓国・朝鮮人（の）、韓国・朝鮮語（の）、韓国・朝鮮の,I like Korean food.
lady,名,女性、婦人,Ladies and gentlemen,
lake,名,湖,go fishing in the lake
land,名,土地,a cold land
language,名,言語,language and gesture
large,形,大きい,a large park
last,形,最後の、この前の,last Sunday
last,動,続く,The war lasted for many years.
late,形|副,遅い、遅れた、遅く、遅れて,be late for school / come back home late
later,副,（lateの比較級）のちに、・・・後,a few days later
latest,形,（lateの最上級）最新の,the latest news
laugh,動,笑う,laugh at a joke
law,名,法律、法則,against the law
lawyer,名,法律家、弁護士,work as a lawyer
lay,動,…を置く、横たえる《活用》laid-laid 、lie（横になる）の過去形,lay a book on the table / lay the baby on the bed
lead,動,・・・を先導する、案内する《活用》led-led,lead her to the station
leader,名,リーダー、指導者,choose Mary as our leader
learn,動,・・・を学ぶ・習う,learn English / learn that …
leave,動,・・・を出発する、発つ、…を残す《活用》left-left,leave home for the station
left,名|形,左（の）、左側（の）,turn to the left
leg,名,脚,the legs of a chair
lemon,名,レモン,tea with lemon
lend,動,（～に）・・・を貸す《活用》lent-lent,lend him my bike
lesson,名,レッスン、課、授業,have no lessons this afternoon
letter,名,手紙,write a letter to her
library,名,図書館,study in a library
lie,動,横たわる《活用》lay-lain,lie in bed
life,名,生活、人生、生命,school life
light,名,光、明かり,a bright light
light,形,軽い、明るい,This box is very light.
like,動,・・・を好む,like mathematics / I like swimming.
like,前,…のような,look like an animal
line,名,線,draw a line
lion,名,ライオン,a group of lions
list,名,リスト,a list of books
listen,動,・・・を聞く（to ・・・),listen to the music
little,形,①小さい②（通例a littleで）少しの、少ない《活用》（②の場合）less-least,①a little cat ②a little water
little,副,少し,I can speak Chinese a little.
live,動,生きる、住む,live in Osaka
local,形,地元の,local people
London,名,ロンドン,live in London
long,形,①長い②長さが・・・で、・・・の長さの,①This river is long. ② This river is 75 kilometers long.
look,動,①見る②(look for …)…をさがす③に見える,①look at the blackboard ②look for my pen ③look happy
lose,動,・・・を失う《活用》lost-lost,lose my key
lot,名,たくさん,a lot of books
loud,副,大声で,Speak louder.
loud,形,（声が）大きい,a loud voice
love,名|動,愛、恋愛|・・・を愛する、大いに好む,a mother's love for her children|She loves sushi.
low,形,低い,a low table
luck,名,運,Good luck!
lucky,形,幸運な,She is a lucky woman.
lunch,名,昼食,eat lunch at that restaurant
machine,名,機械,use the machine
magazine,名,雑誌,read a magazine
main,形,主な、主要な,a main problem
make,動,①・・・を作る、②～を・・・にする《活用》made-made,①make a sandwich ②make her happy
man,名,男の人、男性《複数》men,a tall man
many,形|代,（数えられる名詞の前で）たくさんの、多くのもの（人） 《活用》more-most,many chairs / many of them
map,名,地図,see a map
March,名,３月,in March
match,名,試合、競技,a tennis match
math,名,数学,I like math.
matter,名,困ったこと,What's the matter?
May,名,５月,in May
maybe,副,もしかすると、たぶん,Maybe we will meet tomorrow.
me,代,私を（に）,He knows me well.
meal,名,食事,cook a meal
mean,動,・・・を意味する、・・・ということを意味する《活用》meant-meant,What does the word mean?
meaning,名,（言葉・身振りなどの）意味,What is the meaning of the word?
meat,名,肉,eat meat
medicine,名,薬,a new medicine
meet,動,・・・に会う《活用》met-met,meet her at a park
meeting,名,会議,have a meeting
member,名,一員、メンバー,a new member
memo,名,メモ,take a memo
memory,名,記憶,a good memory
menu,名,メニュー,a lunch menu
message,名,伝言、メッセージ,a message from him
meter,名,メートル,three meters
middle,名,中央、真ん中,in the middle of May
milk,名,牛乳、ミルク,warm milk
million,名,100万,one million
mind,名,精神、心,in people's minds
mine,代,私のもの,It's mine.
minute,名,（時間の単位）分,for five minutes
miss,動,①聞き逃す、見逃す、とりのがす②・・・がいなくてさみしく思う,①miss the train ②I miss him.
mistake,名,誤り、間違い,a big mistake
moment,名,瞬間、ちょっと、しばらく,Just a moment, please.
Monday,名,月曜日,on Monday
money,名,お金,have some money
month,名,（暦）月,last month
moon,名,（天体）月,the light of the moon
more,副|形,（・・・より）もっと、いっそう|（数・量などが）もっと多くの、もっと多い,more interesting than …|More people will come tomorrow.
morning,名,朝、午前中,in the morning
most,副|形,最も、いちばん|たいていの、大部分の、最も多くの,the most important thing in my life|Most people like his songs.
mother,名,母、母親,become a mother
mountain,名,山,at the top of the mountain
mouth,名,口,open my mouth
move,動,動く、移動する、・・・を動かす、移動させる,move the chair
movie,名,映画,go to see a movie
Mr.,名,～さん、～先生（男性に対する敬称）,Mr. Green / Mr. Kato
Ms.,名,～さん、～先生（女性に対する敬称）,Ms. White / Ms. Hara
much,形|副,(数えられない名詞の前で）たくさんの《活用》more-most|とても《活用》more-most,don't have much rain|I like sports very much.
museum,名,博物館、美術館,visit the museum
music,名,音楽、曲,listen to music
musician,名,音楽家、ミュージシャン,a famous musician
my,代,私の,my school
name,名|動,名前|・・・に（～と）名前をつける,call his name|name the cat Mike
nation,名,国・国家,small nations
national,形,国の・国家の,the national flower
native,形,母語の、母語を話す,a native speaker of English
natural,形,自然の,the natural world
nature,名,自然,the beauties of nature
near,前,・・・の近くに（で・の）,near the station
necessary,形,必要な,necessary things
need,動|名,・・・を必要とする|必要、必要性,need some help|need for help
neighbor,名,隣人、近所の人,a neighbor's house
neighborhood,名,近所、近隣、付近,in this neighborhood
nervous,形,不安な、緊張する、あがる,get nervous
never,副,これまで一度も・・・ない、決して・・・ない,I have never been to Okinawa.
new,形,新しい,a new teacher
New York,名,ニューヨーク,go to New York
news,名,ニュース、知らせ,good news
newspaper,名,新聞,a morning newspaper
next,形|副,次の|次に,next Sunday|What will happen next?
nice,形,良い、楽しい、親切な,a nice boy
night,名,夜,last night
nine,名|形,９（の）,nine players
nineteen,名|形,１９（の）,I'm nineteen years old.
nineteenth,名|形,１９番め（の）,in the nineteenth century
ninety,名|形,９０（の）,ninety books
ninth,名|形,９番め（の）,on the ninth floor
no,副|形,いいえ|少しの（ひとつの・ひとりの）～も・・・ない,No, I don't.|No one can answer it.
No.,名,・・・番,No. 1
noise,名,音・騒音・雑音,hear a noise
noisy,形,やかましい、騒々しい、大きな音をたてる,a noisy car
noon,名,正午、真昼,at noon
normal,形,普通の、標準の,the normal temperature
north,名,北,A cold wind blows from the north.
northern,形,北の、北からの,a northern wind
nose,名,鼻,my nose
not,副,・・・でない,don't have a car / not free
note,名,メモ,take notes
notebook,名,ノート・短い手紙,buy a new notebook
nothing,代,（単数扱い）何も・・・ない,There is nothing to do.
notice,動,・・・に気付く、わかる,notice a mistake
November,名,１１月,in November
now,副,今、さて,do it now
number,名,数、数字、番号,the number of …
nurse,名,看護師,become a nurse
ocean,名,海、海洋,swim in the ocean
o'clock,名,時間、時,at five o'clock
October,名,１０月,I was born in October.
of,前,①（帰属）…の②（同格）～という・・・③（部分）～の中の・・・,①the name of the singer ②the town of Shibuya ③one of my friends
off,副,（くっついた状態から離れた状態への変化を表して）離れて、離されて、隔たって,Take off your jacket.
office,名,会社、事務所、オフィス,work in an office
officer,名,事務員、係員,a police officer
official,形,公式の,an official event
often,副,しばしば,often go there
oil,名,油、石油,use vegetable oil
old,形,①古い、年をとった②・・・歳の,①an old temple ②I'm 14 years old.
on,前,①（時・日）…に②（場所）…の上に、…に（接触） ③（状態）…中で④～について,①on Sunday ②on the table / on the wall ③on the way to school ④some information on the animals
once,副,一度、一回、かつて,I once met your mother.
only,形|副,唯一の、・・・だけ|（たった）・・・だけ、（ほんの）・・・だけ,He is the only student in the room.|only a few years ago
open,動|形,…を開ける、開く|開いた,open the door|Every window was open.
opinion,名,意見,talk about my opinion
opposite,形,反対の、反対側の,the opposite side of the road
or,接,・・・かもしくは,you or I
order,名|動,順番、命令、注文|(～に)・・・するよう命令する（to ・・・）,in that order / He gave us that order. / May I take your order?|order him to do his job
other,形,ほかの,other questions
our,代,私たちの,our English teacher
ours,代,私たちのもの,bigger than ours
out,副,外に（で）,get out of a car
outside,前,・・・の外に（で）,outside the house
over,前|副,①…の上の方②… じゅう、・・・のいたるところに、③・・・以上に、・・・より多く|済んで、終わって,①over the bridge ②all over the world ③for over 300 years|The game is over.
overseas,形|副,海外の、外国の|海外へ、外国へ,an overseas student|go overseas
own,形,自身の,his own bike
P.E.(PE),名,（physical educationの略）体育,I like PE.
p.m.,副,午後,at 6:30 p.m.
paint,動,（絵や文字など）を描く,paint a picture
painting,名,絵画,a beautiful painting
pair,名,（２つ１組になっているもの）の１対、１組,a pair of shoes
paper,名,紙,a piece of paper
pardon,動,（人・失礼な行為など）を許す,Pardon me.
parent,名,親,my parents
park,名,公園,play in a park
part,名,①役割②部分,①play a part ②a part of the story
party,名,パーティー,enjoy a party
pass,動,通る、通り過ぎる、（時間が）過ぎる,pass through a room
passage,名,(文章などの）一節,read the passage
passport,名,パスポート,get a passport
past,名,過去,experiences of the past
patient,名,患者,take care of the patients
pay,動,（お金）を支払う《活用》paid-paid,pay a lot of money
peace,名,平和,bring peace to the world
pen,名,ペン,write with a pen
pencil,名,えんぴつ,use my pencil
people,名,人々、国民,Japanese people
percent,名,パーセント,50 percent
perfect,形,完全な、申し分ない,Your answer is perfect.
perhaps,副,おそらく,Perhaps he will come.
person,名,人、個人,a kind person
personal,形,個人的な,a personal computer
pet,名,ペット,have a pet
phone,名,電話,Can I use this phone?
photo,名,写真,take a photo
photographer,名,写真家、カメラマン,want to be a photographer
phrase,名,表現、フレーズ,use the phrase
pianist,名,ピアニスト,a good pianist
piano,名,ピアノ,play the piano
pick,動,・・・を取り上げる、摘む,pick… up
picture,名,絵、写真,take a picture
piece,名,１個、１つ、一枚、一片（a piece of ・・・）,a piece of paper / a piece of cake
place,名,場所,in this place
plan,名|動,計画、プラン|（行動など）の計画（予定）を立てる,have some plans|plan our party
plane,名,飛行機,on a plane
plant,名,植物、草花,animals and plants
plastic,形,プラスチック製の、ビニール製の,a plastic bag
play,動,遊ぶ、（楽器）を演奏する、（スポーツ）をする,play tennis
player,名,選手、演奏者,a violin player
point,名|動,ポイント・点、要点、考え|指さす,the most difficult point / That's my point.|point to the sun
police,名,警察,the New York police
poor,形,貧しい、かわいそうな,a poor little boy
popular,形,人気のある,a popular musician
possible,形,可能な,It is possible to …
post office,名,郵便局,go to the post office
postcard,名,はがき,send a postcard
power,名,力、動力、電力,wind power
practice,動,・・・を練習する,practice tennis
prepare,動,・・・を準備する,prepare breakfast
present,名,贈り物、プレゼント,a birthday present from her
pretty,形,かわいい,a pretty doll
price,名,価格、値段,complain about high prices
probably,副,おそらく,It will probably rain soon.
problem,名,問題、トラブル,a big problem
produce,動,・・・を生み出す、産出する,produce enough food
program,名,計画、（テレビやラジオの）番組,a TV program
promise,名,約束,break our promise
protect,動,・・・を保護する、守る,protect the environment
purpose,名,目的,the purpose of the plan
push,動,・・・を押す,push the door
put,動,・・・を置く《活用》put-put,put the coin on the desk
question,名,質問、疑問、問題,answer the question
quick,形,速い、すばやい、短時間内の,a quick answer
quickly,副,速く、急いで、すばやく,move quickly
quiet,形,静かな,a quiet place
quietly,副,静かに,open the door quietly
quite,副,全く、すっかり、完全に,It was quite dark.
quiz,名,クイズ、試験,give the students a quiz in math class
racket,名,（テニスや卓球の）ラケット,buy a new racket
radio,名,ラジオ,listen to the radio
rain,名|動,雨|雨が降る,stand in the rain|It began to rain. / It rained yesterday.
rainy,形,雨の,a rainy day
raise,動,・・・を上昇させる、上げる,raise my hand
reach,動,・・・に到着する、到達する,reach the station
read,動,・・・を読む《活用》read-read（発音注意）,read a book
ready,形,用意のできた,Are you ready?
real,形,本当の,the real reason
really,副,①本当に、とても②（相手の発言に対して）本当ですか,①really interesting ②Oh, really?
reason,名,理由,the real reason for …
receive,動,・・・を受け取る,receive a letter
recently,副,最近、近ごろ,I got a letter from her recently.
recycle,動,・・・を再利用する,recycle newspapers
red,名|形,赤（の）、赤色（の）,buy a red bag
reduce,動,・・・を減らす,reduce waste of food
refuse,動,・・・を断る,refuse his help
regular,形,規則的な、規則正しい、いつもの,have regular meetings
relax,動,・・・の緊張をほぐす、くつろぐ,relax and enjoy the movie
remember,動,・・・を思い出す、覚えている,remember her name
remove,動,・・・を取り除く,remove the books from the desk
repair,動,・・・を直す、修繕する,repair the shoes
report,名|動,報告、レポート|・・・を報告する,write a report about ...|report the accident to us
research,名,研究、調査,interesting research
respect,名|動,尊敬|・・・を尊敬する,have a great respect for human life|respect her for her hard work
respond,動,反応する、応答する,respond to the question
responsible,形,責任のある,be responsible for the job
rest,動,休憩する,rest for half an hour
restaurant,名,レストラン、料理店,a French restaurant
return,動,戻る、帰る,return home from school
reuse,動,・・・を再利用する,reuse my brother's desk
rice,名,米、ごはん,eat rice every day
rich,形,金持ちの、豊かな,a rich person
ride,動,・・・に乗る《活用》rode-ridden,ride a horse
right,名|形,①右②権利①正しい②右の,①on your right ②human rights①the right answer ②the right side of the road
river,名,川、河川,along the river
road,名,道路、道,the road to Kyoto
rock,名,岩、岩石,a large rock
roof,名,屋根《複数》roofs,on the roof
room,名,部屋,a small room
round,形,丸い、円形の,a round table
rule,名,規則,break a rule
run,動,走る《活用》ran-run,run in a park
sad,形,悲しい,look sad
safe,形,安全な,a safe place
same,形,同じ、同様の,We were born in the same hospital.
Saturday,名,土曜日,on Saturday
save,動,・・・を救う、助ける、（お金）をためる,save his life
say,動,・・・と言う《活用》said-said,say "Hello"
scene,名,景色、光景,enjoy a beautiful scene
school,名,学校,go to school
science,名,科学,I study science.
scientist,名,科学者,a great scientist
sea,名,海,go to the sea
season,名,季節,the four seasons
seat,名,座席、いす,take a seat
second,名|形,２番め（の）,on the second floor
see,動,・・・を見る、・・・に会う、・・・が分かる《活用》saw-seen,see my teacher
sell,動,・・・を売る《活用》sold-sold,sell our house
send,動,・・・を送る《活用》sent-sent,send a letter to her
sense,名,感覚、意味,make sense（話・文などが）意味をなす・意味が通る
sentence,名,文,a long sentence
September,名,９月,in September
serious,形,重大な、深刻な、本気の,a serious problem
serve,動,（食事）を出す、給仕する,Breakfast is served here.
set,動,・・・を置く、並べる、（食卓）の準備をする《活用》set-set,set the table for dinner
seven,名|形,７（の）,at seven o'clock
seventeen,名|形,１７（の）,I'm seventeen years old.
seventh,名|形,７番め（の）,on the seventh floor
seventy,名|形,７０（の）,at the age of seventy
several,形,いくつかの、いくらかの、数人（個）の,stay here for several days
shape,名,形,a different shape
share,動,・・・を共有する、分かち合う,share this room with …
she,代,彼女は、彼女が,She is a junior high school student.
ship,名,船,get on a ship
shirt,名,シャツ,wear a shirt
shock,動,・・・に衝撃を与える、ショックを与える,The news shocked her.
shoe,名,（通例～s) 靴,wear shoes
shop,名,店,a flower shop
shop,動,買い物をする,shop at the convenience store
short,形,短い、短時間の,for a short time
show,動,(～に）・・・を見せる、示す《活用》showed-shown,show her my picture / show her how to draw a picture
shrine,名,神社,visit the shrine
shy,形,内気な、恥ずかしがりの,He is very shy.
sick,形,病気の,She is sick.
side,名,側、面,a dark side of the history
sightseeing,名,観光、見物,go sightseeing in Kyoto
sign,名,標識、身振り・合図,a street sign
similar,形,よく似た,be similar to …
simple,形,単純な、わかりやすい,a simple question
since,前|接,・・・以来、・・・から|・・・以来、・・・から,since yesterday|since I saw him last year
sing,動,歌う、・・・を歌う《活用》sang-sung,sing a song
singer,名,歌手,a famous singer
sister,名,姉妹、姉、妹,brothers and sisters
sit,動,すわる《活用》sat-sat,sit on a chair
situation,名,状況、立場,in a dangerous situation
six,名|形,６（の）,at six o'clock
sixteen,名|形,１６（の）,at the age of sixteen
sixteenth,名|形,１６番め（の）,in the sixteenth century
sixth,名|形,６番め（の）,on the sixth floor
sixty,名|形,６０（の）,He is sixty years old.
size,名,大きさ,the size of a desk
skate,動,スケートをする,Do you skate often?
ski,動,スキーをする,I often ski in winter.
skill,名,技術,an important skill
sky,名,空,the blue sky
sleep,動,眠る《活用》slept-slept,sleep well
sleepy,形,眠い、眠そうな,feel sleepy
slowly,副,ゆっくりと,drive slowly
small,形,小さい,a small desk
smile,動,ほほえむ、にっこりする,smile at the boy
smile,名,ほほえみ、笑顔,a big smile on her face
snow,名|動,雪、雪が降る,We had a lot of snow. / It snowed a lot.
snowy,形,雪の降る,a snowy day
so,副|接,①そんなに②そのように（前述のことばをさす）|だから、それで,①so happy ② I think so.|It was raining, so I didn't go out.
soccer,名,サッカー,play soccer
soft,形,柔らかい,a soft sweater
solve,動,・・・を解決する,solve the problem
some,形|代,いくつかの、ある・・・、何人か、いくつか,some cars / some of them
someday,副,いつか、そのうち,go to Australia someday
someone,代,誰か,ask someone
something,代,何か、ある物（事）,something to drink
sometimes,副,ときどき,sometimes play tennis
son,名,息子,my son
song,名,歌,listen to a song
soon,副,もうすぐ、まもなく,come back soon
sorry,形,申し訳なく思って、かわいそうな,be sorry for her
sound,名|動,音|・・・のように聞こえる,a beautiful sound|sound good
south,名,南、南部,in the south of …
space,名,宇宙、空間,live in space
speak,動,・・・を話す、・・・と話をする（to ・・・） 《活用》spoke-spoken,speak Japanese
special,形,特別の、特殊な,a special skill
speech,名,演説、講演、スピーチ,make a speech
spend,動,（金や時間）を費やす、（時間）を過ごす《活用》spent-spent,spend a lot of money / spend a week
sport,名,スポーツ,play sports
spring,名,春,in spring
stadium,名,競技場、スタジアム,go to the stadium
stage,名,舞台、ステージ,dance on the stage
stand,動,立つ、立ち上がる《活用》stood-stood,stand by a door
star,名,星、（芸能の）スター,under the stars / a popular star
start,動,・・・を始める、・・・をし始める（to・・・、・・・ing)、始まる,start to work
station,名,駅,go to the station
stay,動|名,とどまる、滞在する、宿泊する|滞在,stay at a hotel|during my stay in London 
step,名,一歩、ステップ,the next step
still,副,まだ、今でも,still remember it
stone,名,石,throw a stone
stop,動,止まる、・・・を止める・やめる、・・・するのをやめる（・・・ing）,stop talking
store,名,店,a toy store
story,名,話、物語,an interesting story
straight,形|副,まっすぐな|まっすぐに,a straight line|go straight
strange,形,奇妙な、不思議な、未知の,a strange story
street,名,（街の）通り、街路,walk along the street
strong,形,（力が）強い、じょうぶな,a strong body
student,名,生徒、学生,a junior high school student
study,動,・・・を勉強する,study English
style,名,（服装などの）スタイル、（流行の）型,a Japanese style
subject,名,教科、話題,my favorite subject / change the subject
such,形,そのような、そんな、あんな,such a book
suddenly,副,突然,Suddenly, the door opened.
suffer,動,・・・を患う（from）、・・・のために苦しむ,suffer from a headache
sugar,名,砂糖,pass the sugar
summer,名,夏,in summer
sun,名,太陽,under the sun
Sunday,名,日曜日,on Sunday
sunny,形,日の照っている、晴れ渡った,on a sunny day
supermarket,名,スーパーマーケット,go to the supermarket
support,動,・・・を支持する、支援する、支える,support his family
sure,副,（返事で）もちろん,"Can I come in?" "Sure."
surprised,形,驚いた、（・・・して）驚く（to・・・）、（・・・に）驚く（at・・・）,be surprised to hear the news / be surprised at the news
survive,動,生き残る,Only two people survived.
sweater,名,セーター,wear the sweater
sweet,形,甘い,a sweet apple
swim,動,泳ぐ《活用》swam-swum,swim in the sea
symbol,名,象徴、シンボル,a symbol of peace
system,名,装置、方式、システム,introduce a new system
table,名,テーブル,sit around a table
table tennis,名,卓球,play table tennis
take,動,①（時間などが）かかる、②・・・を持っていく、連れて行く、③・・・を買う・選ぶ、④（乗り物に）乗る、⑤（写真）をとる《活用》took-taken,①take time ②take him to… ③I'll take it. ④take a bus ⑤take a picture
talk,動,話す,talk about music
tall,形,①高い②身長（高さ）が・・・で,①a tall building ②The child is one meter tall.
taste,名|動,味|・・・な味がする,a strange taste|taste delicious
taxi,名,タクシー,take a taxi
tea,名,茶・紅茶,a cup of tea
teach,動,（～に）・・・を教える《活用》taught-taught,teach them English / teach them how to use the computer
teacher,名,先生、教師,She is our teacher.
team,名,チーム,join the baseball team
technology,名,科学技術,new technology
tell,動,①（～に）・・・を言う、教える②（～に）・・・するように言う（to ・・・） 《活用》told-told,①tell him the story ②tell him to do his homework
temperature,名,温度、気温,the temperature in Osaka
temple,名,寺,an old temple
ten,名|形,１０（の）,There are ten students in the room.
tennis,名,テニス,play tennis
tenth,名|形,１０番め（の）,live on the tenth floor
terrible,形,恐ろしい、ひどい,The news is so terrible.
test,名,試験,give the students a test in math class
textbook,名,教科書,read the textbook
than,接,・・・よりも,older than …
thank,動,・・・に感謝する,Thank you for your letter.
the,冠,その・・・,the book / the temple
theater,名,劇場,go to the theater
their,代,彼らの・彼女らの、それらの,clean their rooms
theirs,代,彼らのもの・彼女らのもの、それらのもの,The house is theirs.
them,代,彼らを（に）・彼女らを（に）、それらを（に）,I told them the story.
then,副|名,その時・その（あの）頃・当時、それから、そうすると|その時,Just then it began to rain.|since then
there,副,そこに（へ、で）,There is a book on the desk. / go there
these,代|形,これらは（が）、これらを（に）、これらの,These are my books. / These books are mine.
they,代,彼らは（が）・彼女らは（が）、それらは（が）,They live in Osaka.
thing,名,もの,an interesting thing
think,動,思う、考える《活用》 thought-thought,I think that …
third,名|形,３番め（の）,on the third floor
thirsty,形,のどが渇いた,feel thirsty
thirteen,名|形,１３（の）,He is thirteen years old.
thirteenth,名|形,１３番め（の）,the thirteenth street
thirtieth,名|形,３０番め（の）,his thirtieth birthday
thirty,名|形,３０（の）,She is thirty years old.
this,代|形,これは（が）、これを（に）、この・・・《複数》these,Is this your book? / Is this book yours?
those,代|形,あれらは（が）・それらは（が）、あれらを（に）・それらを（に）、あれらの・それらの,Are those your books? / Are those books yours?
though,接,・・・だけれども、・・・にもかかわらず,We went out, though it began to rain.
thought,名,考え,my thought
thousand,名|形,1,000（の） three thousand people
three,名|形,３（の）,three children
through,前,①・・・を通って②（手段）・・・を通じて,①drive through the town ②through the Internet
throw,動,・・・を投げる《活用》threw-thrown,throw a ball to her
Thursday,名,木曜日,on Thursday
ticket,名,切符、チケット,buy a ticket to Tokyo
tiger,名,トラ,see a big tiger
time,名,①時間・時刻②回③（複数形で）時代,①have a good time ②several times ③in old times
tired,形,疲れた,I'm very tired.
title,名,題名、タイトル,the title of the movie
to,前,（方向・到達点）・・・へ・まで,to the station
today,名|副,今日（は）・本日（は）、現代では、,How are you today?
together,副,一緒に,Let's go swimming together.
tomorrow,名|副,明日（は）,It will rain tomorrow.
tonight,名|副,今晩（は）,I'll stay at home tonight.
too,副,①・・・もまた②あまりに・・・すぎる,①Me, too. ②I'm too tired to walk.
tooth,名,歯《複数》teeth,lose a tooth
toothache,名,歯痛,have a toothache
top,名,頂上、てっぺん,the top of the mountain
topic,名,話題・トピック、主題・テーマ,change the topic
total,名|形,総計（の）、全体（の）、全部（の）,a total number
touch,動,さわる,Don't touch the picture.
tour,名,（観光）旅行,a bus tour
town,名,町,I was born in a small town.
toy,名,おもちゃ,play with toys
tradition,名,伝統,have a long tradition
traditional,形,伝統的な,traditional Japanese music
train,名,電車,on a train
trash,名,ゴミ・クズ,pick up trash
travel,名|動,旅行|旅行する,space travel|travel abroad
tree,名,木,cut down the trees
trip,名,旅行,my trip to New York
trouble,名,困ること、迷惑,have a lot of trouble
true,形,本当の、真実の,a true story
try,動,試す、・・・しようとする（to ・・・）,try to open the door
T-shirt,名,Tシャツ,buy a blue T-shirt
Tuesday,名,火曜日,on Tuesday
turn,動,①（右や左に）曲がる、（方向を）変える②回す,①Turn left. ②turn the key
TV,名,テレビ,watch TV
twelfth,名|形,１２番め（の）,December is the twelfth month of the year.
twelve,名|形,１２（の）,for twelve hours
twentieth,名|形,２０番め（の）,in the twentieth century
twenty,名|形,２０（の）,for twenty minutes
twice,副,２度・２回,I have visited Osaka twice.
two,名|形,２（の）,two apples on the table
type,名,型、タイプ,this type of bike
U.K.,名,英国、連合王国,visit the U.K.
U.S.,名,アメリカ合衆国,live in the U.S.
umbrella,名,かさ,take an umbrella
uncle,名,おじ,my uncle living in Hokkaido
under,前,・・・の下に,under the bed
understand,動,・・・を理解する《活用》understood-understood,understand Japanese
underline,動,・・・に下線を引く,underline the word
uniform,名,制服、ユニフォーム,wear a school uniform
United States,名,アメリカ合衆国,go to the United States
university,名,（四年制の）大学,go to university
until,前|接,・・・まで|・・・するまで（ずっと）,until 11:00 p.m.|until he finished his homework
up,副,①上へ、上がって②起きて、立って③（人が）成長して,①look up ②get up ③grow up
us,代,私たちを（に）,tell us an interesting story
use,動,…を使う,use his dictionary
useful,形,便利な、役に立つ,useful advice
usually,副,普通、たいてい,usually get up at seven
vacation,名,休暇,during the vacation
various,形,さまざまな、いろいろな,in various ways
vegetable,名,野菜,grow vegetables
very,副,とても、非常,にvery happy
video,名,ビデオ,watch a video
view,名,①眺め、見晴し②意見、考え、見方,①the view from the window ②our view of nature
village,名,村,visit the village
violin,名,バイオリン,play the violin
visit,動,・・・を訪ねる、・・・を訪れる,visit London
visitor,名,訪問者、観光客,a visitor from Australia
voice,名,声、話す声,in a loud voice
volleyball,名,バレーボール,play volleyball
volunteer,名,ボランティア,volunteers to help children
wait,動,待つ,wait for her
wake,動,起きる、・・・を起こす,wake up
walk,動|名,歩く|散歩,walk into the room|take a walk
wall,名,壁,a picture on the wall
want,動,・・・が欲しい、・・・したいと思う（to ・・・）,want to know his address
war,名,戦争,during the war
warm,形,暖かい,warm weather
wash,動,・・・を洗う、洗濯する,wash my hands
waste,名|動,浪費、無駄使い|・・・を浪費する・無駄に使う,a waste of time|Don't waste time. 
watch,名|動,腕時計|・・・を見る,get a new watch|watch TV
water,名,水,drink a lot of water
wave,名|動,波|（手などを）振る,a big wave|wave my hands
way,名,①（～への）道のり②方法③点（観点）,①the way to the station ②the best way ③in many ways
we,代,私たちは（が）,Can we go and see a movie?
weak,形,弱い,a weak voice
wear,動,・・・を着ている、身に付けている、はいている・かぶっている《活用》wore-worn,wear the black jacket
weather,名,天気,good weather
Wednesday,名,水曜日,on Wednesday
week,名,週、１週間,last week
weekend,名,週末,this weekend
west,名,西、西部,in the west of France
western,形,①西の②西洋・欧米の（Western）,①in the western sky ②the Western culture
white,名|形,白（の）、白色（の）,white snow
whose,疑|代,だれの,Whose house is this?
why,疑|副,なぜ、どうして,Why did you come here?
wide,形,（幅が）広い,a wide road
wife,名,妻,his wife
wild,形,野生の,wild animals
win,動,・・・に勝つ、勝ち取る《活用》won-won,win a game
wind,名,風,a strong wind
window,名,窓,open the window
windy,形,風の強い、風のある,a windy day
winter,名,冬,in winter
wish,動|名,・・・したいと思う（to ・・・）|願い,I wish to travel abroad.|make a wish / best wishes
with,前,①・・・と一緒に②・・・で、・・・を使って③・・・のある、・・・を身に付けて・所持して,①come with us②with your finger③a boy with a camera
without,前,・・・なしで,without any money / without sleeping
woman,名,女の人、女性《複数》women（発音注意）,She is the woman who wrote the story.
wonderful,形,すばらしい、すてきな、見事な,have a wonderful time
wood,名,木、木材,a piece of wood
word,名,単語、語、ことば,the meaning of the word
work,名|動,仕事、作業、労働|仕事をする、働く、活動する,talk about my work|work with many people
world,名,世界,in the world
worry,動,心配する,Don't worry.
write,動,・・・を書く《活用》wrote-written,write a letter
writer,名,作家,a popular writer
wrong,形,間違った、（・・・の）調子の悪い（with ・・・）,the wrong number / What's wrong with ...？
year,名,年,three years ago
yellow,名|形,黄色（の）,buy a yellow T-shirt
yes,副,はい、そうです,Yes, he is.
yesterday,名|副,昨日（は）,went to see a movie yesterday
yet,副,（否定文で）まだ,haven't finished the job yet
you,代,あなた（方）は、あなた（方）を（に）,you and I
young,形,若い,young people
your,代,あなた（方）の,Wash your hands.
yours,代,あなた（方）のもの,It's yours.
yourself,代,あなた自身（で）,Enjoy yourself. / Did you make it yourself?
zero,名,ゼロ,write two zeros
zoo,名,動物園,went to the zoo on Sunday
